<?xml version="1.0" encoding="UTF-8"?>
<project-private xmlns="http://www.netbeans.org/ns/project-private/1">
    <editor-bookmarks xmlns="http://www.netbeans.org/ns/editor-bookmarks/2" lastBookmarkId="0"/>
    <open-files xmlns="http://www.netbeans.org/ns/projectui-open-files/2">
        <group>
            <file>file:/C:/Users/e_hawkes/OneDrive%20-%20Modular%20Automation/Desktop/FullProjectCs4013%20charity/JavaApplication1/src/csv.java</file>
            <file>file:/C:/Users/e_hawkes/OneDrive%20-%20Modular%20Automation/Desktop/FullProjectCs4013%20charity/JavaApplication1/src/Calculator.java</file>
            <file>file:/C:/Users/e_hawkes/OneDrive%20-%20Modular%20Automation/Desktop/FullProjectCs4013%20charity/JavaApplication1/src/Employee.java</file>
            <file>file:/C:/Users/e_hawkes/OneDrive%20-%20Modular%20Automation/Desktop/FullProjectCs4013%20charity/JavaApplication1/src/Charity.PNG</file>
            <file>file:/C:/Users/e_hawkes/OneDrive%20-%20Modular%20Automation/Desktop/FullProjectCs4013%20charity/JavaApplication1/src/MainOOP.java</file>
            <file>file:/C:/Users/e_hawkes/OneDrive%20-%20Modular%20Automation/Desktop/FullProjectCs4013%20charity/JavaApplication1/src/StockView.java</file>
            <file>file:/C:/Users/e_hawkes/OneDrive%20-%20Modular%20Automation/Desktop/FullProjectCs4013%20charity/JavaApplication1/src/Reciept.java</file>
            <file>file:/C:/Users/e_hawkes/OneDrive%20-%20Modular%20Automation/Desktop/FullProjectCs4013%20charity/JavaApplication1/src/Readcsv.java</file>
            <file>file:/C:/Users/e_hawkes/OneDrive%20-%20Modular%20Automation/Desktop/FullProjectCs4013%20charity/JavaApplication1/src/StockInfo.java</file>
        </group>
    </open-files>
</project-private>
